balance,identifier,nftCommonHolder,nftExtremelyRareHolder,nftRareHolder,topHolder,winningOrder
3000,a9073d284106bb97fac33f95a83044e5,false,false,false,false,561
3006,d0d3598bbdbeabb3db11572ff14baa49,false,false,false,false,789
1501,81a75aa6c66d7c5b0de4ece4db956ac1,false,false,false,false,986
10002,c642f68c77ad91c399cad23657e80713,false,false,false,false,252
10044.95,3af3dfc5c06b6f27bee138b7a83d16aa,false,false,false,false,312
1001.94,842005b9e6b26fdc5ade5a7ebb87abcf,false,false,false,false,472
1500.8200000000002,9dada7fdd198d5fa088cbb58a88f327a,false,false,false,false,909
1353,aef4ece5d42f74b27b31655add5878e0,false,false,false,false,1033
1000,06c31ddee4aeec18dc57e1e3db78a48e,false,false,false,false,804
10817,e00360df7a2af38b9e246361943a2298,false,false,false,false,232
10077.912,6b6a9c7af20e92893c23cf4ef0575667,false,false,false,false,593
3003,a0f73cc15a435cbce8e08872d21e3720,false,false,false,false,283
3000,dc07961a4a5e52d1fe049989f743503f,false,false,false,false,776
1000,84723b65e0b8255f4d50f948e3c3c1a2,false,false,false,false,1065
17738.909,dac0f5a81f90d8229dbc75406b4ebb14,false,false,false,false,327
1501,2e98143a7ab8fc37093910dbfd41e24b,false,false,false,false,1119
3502.5107,5ccfcd72eca2c3bf21eb43e1ab2d8618,false,false,false,false,728
1010,1121ecb61ce476b863bb266ff9c9ea5c,false,false,false,false,1026
5001,1437e7676fd58caf73035f83b0d25a3c,false,false,false,false,196
10038,dc3e381ba8f3c89aae718b73c8f4cf7f,false,false,false,false,380
3000,5acc469eb0103fdc07a92e3e5b425fc3,false,false,false,false,916
3000,df7b2cbb3ac7a3de85123dd11c7f246e,false,false,false,false,1000
3000,d7c0dab32cdda5002cc029c65fd01628,false,false,false,false,693
3000,486654c22dee0dc0e575085d9421089f,false,false,false,false,33
1006.9558300402301,b9e50fabf5a8b496fa4b1bb2608e9909,false,false,false,false,1142
31010.05,ffd003f0da826444e8baa5ef3ee864f3,false,false,false,false,116
1001,ea069168f7e74030eafbc93be3e17fe2,false,false,false,false,1120
3005.978,87981d0dba6229b06034d3662382a885,false,false,false,false,511
1001,b6006f63a45921f81bad810d0ac8dc82,false,false,false,false,862
3504.587,ed7b32fb6f1f862ce25896b27dd1ab55,false,false,false,false,1024
10001,9f3266506090fa754a1cea3360586d32,false,false,false,false,341
1001,960601077bc071f7400fa2effdd429ad,false,false,false,false,925
4037.978,c0fe81945c66e13dcd4355b820849b4f,false,false,false,false,873
3001.16,b4b0db04b6e9fc1a5c2825abf5c613a1,false,false,false,false,570
3000,ec6b98b62612444a09704f2ff4467e62,false,false,false,false,157
1001,ce17b534168dcee1fe36bc199a864a7f,false,false,false,false,401
3000,0f483a6fbc482b512a248f9f755cfefe,false,false,false,false,362
30000,48ad6b20de309e5db7b0a9fb329a99fd,false,false,false,false,32
3086,be3aaa9c5e3c8266df4ec73730c1d5db,false,false,false,false,723
1005,0fbd79dd08dae952cfb55749efc940e0,false,false,false,false,1035
8699.432,8b4bb32bb598cc7a4f17b221313a5417,false,false,false,false,346
30541.8306,9c89108d2e7cf0b332e59259170dce71,false,false,false,false,315
3005.75456835,3f86e354fa6682b289ba7fe4ec7ecfd1,false,false,false,false,976
11825,feb206e0456b1df767c024bce4af4534,false,false,false,false,403
3032.101,f2fb1e1eb5014ff0f084e2370c0a5aed,false,false,false,false,388
1007.509,63c9880d9ed851e83d5a5ecbd2494ce4,false,false,false,false,746
4000,ce9a838e8eeded12a8b323a1c12c4349,false,false,false,false,391
10007,41d8a853bc8ed6d5602c14672c98e44b,false,false,false,false,489
1001.549,8854c2f92b36f8eef2c38fafc4bfc4b7,false,false,false,false,650
6782.715,5929a5d3e04f8cb500d1e6b3b49533b5,false,false,false,false,56
3011.525,53be8a6ee6ad8de368f61b0a0a4f961d,false,false,false,false,178
3002,94afbfff6f2400bbfc0a7d5828f6efde,false,false,false,false,344
3112.935,747252d93ad29d1657c423a9199f3765,false,false,false,false,1086
3001,d7da73dc2fd303ed81e34b28be0dd0dc,false,false,false,false,815
3004.959,1688624965752004c0fe36fa462797b2,false,false,false,false,515
3005,34f44a2b546910d64c9c11ebd0f6c24f,false,false,false,false,764
3000,6a6a7f4e6227fa947f7606d0f1f70234,false,false,false,false,49
3001,a96774fb61c9400cbaac5e3357a43c04,false,false,false,false,680
10000.005,39a3c3415171ba983d3d985b96676c93,false,false,false,false,634
3501.446,4b016326424917265a4ccec42eb3a9ab,false,false,false,false,201
10073,a09ee1cce4d5d3c866ee5456a7b1012b,false,false,false,false,173
3065.8847,d2c0fd13854bdc2aed8ee98e10684b03,false,false,false,false,389
10071.741,82fc2047aa09a0a834da1ee694e5fe8c,false,false,false,false,469
10006.226999999999,ba907bc31fc23f33d28a82bc155773a6,false,false,false,false,34
3033,8860e368943b3f9612bf39d21960ca32,false,false,false,false,721
1000,23abae97a41019fabf01b29024a0f695,false,false,false,false,770
3002,f7810bb7ee7cf9fd363618ecb9d4cdd4,false,false,false,false,858
1039.5897,15482f4bbda69dfe3693126e6f1b9644,false,false,false,false,1088
1001,29679a6f21f8904e868850e70778786e,false,false,false,false,1025
3014.5473,c26ed869e12e0dfb267117944695217c,false,false,false,false,226
1003.327,390248f72b34d1883f851bff6a45a04d,false,false,false,false,1109
30055.471,481b152ebb1a497618a066dcf6568e4f,false,false,false,false,160
3006,c4321a6125876c939711d49a854392df,false,false,false,false,654
1034.0941,dafdaf741d08bb3833af01c94be0527e,false,false,false,false,998
3109.839,bb9ef8c88c614b4667db0acc3b84c8d8,false,false,false,false,171
1512.46,961dd5ac8fc4b66a1fe8e78ac4e1d9e5,false,false,false,false,1110
3001,49420eaad6a693dd5588f696a429b274,false,false,false,false,568
1001.54,6a29a835a37c17707225734f2e709af7,false,false,false,false,796
3001,4de17de3b18458e39d57eda688fc7e7a,false,false,false,false,828
5384,5053aaac65aa4c799aa2276e17fbf49a,false,false,false,false,463
1000,b107a86c72196baca8485632dbf270ae,false,false,false,false,995
3000,54478a9c627c124cb511d5e802cde151,false,false,false,false,1136
1000.359,3d583867352889bdec97717dbf28f010,false,false,false,false,933
3004,545e6cf35fecf5541f0e88c05fa007b8,false,false,false,false,256
3003.425,b3e678d191672f3043e4b8c87bc44250,false,false,false,false,811
3002,6a5b2e00f19222f3683d4b1fac674a4d,false,false,false,false,855
1042.48,a7f2083122beaa2d073a1068664ea645,false,false,false,false,1047
10281.846,52e20f18e9c51c3f916ac325f94eae99,false,false,false,false,71
10505,729b5f6b92cf21331090ade85c7be555,false,false,false,false,443
1750.986,067f81af5ae4c411e140ed8d9eb13441,false,false,false,false,1102
5000,e7f10f2f092081f75367a96c12bb4763,false,false,false,false,484
3010.416,1c75e82de4eed56a568acec6fb0df020,false,false,false,false,1091
1100,a647a52f8b58766217f2c2152844b88e,false,false,false,false,109
1873.005,1f73acdf144db695fcc0a33f7ca54f03,false,false,false,false,584
3030.116,8eb425e525544ca3b40bbd6645d343a3,false,false,false,false,759
1014.612,a62ae21dc1496bd59c78e7ebc9ed123d,false,false,false,false,956
3004,b1d6086db01cc1a7d30e108da458682e,false,false,false,false,814
1005,c67f657def6f887dff109b9deea2c8d5,false,false,false,false,542
30006.711,d9fd1a7a12c8044e557b5494ef40abcc,false,false,false,false,70
10000,6aa82cfddca1b442ffc85dbbd9e2afcf,false,false,false,false,61
3006,5350e728d2ae6fa58efb2a5366cb9ed4,false,false,false,false,843
3540.562,8c11f7c8b603691417ef0ed740f98158,false,false,false,false,524
3065.192,439ee36d5d48d2db04de3b74c67593d5,false,false,false,false,930
1003.14,3fd04110fcad9ea3b3386fcb4e2c91c2,false,false,false,false,947
10000,be13070934165cf7756fd917bfa81b7e,false,false,false,false,7
1001,2fbb60168f95f943ab7c8f1f882c06d9,false,false,false,false,945
10006.204,f45422bb9f3c42960df99749cdabdb82,false,false,false,false,146
1032.106,6a3610399a75096ceedca6961976192d,false,false,false,false,1146
3500,155528ee70a6bfba69bfc1a29a628ed7,false,false,false,false,566
10547.493,d94b3f60e9cd4116242b73d5e3ff1366,false,false,false,false,439
30506.0949,96f7934eb8deb1fe5dca5db7edf8d8ed,false,false,false,false,218
1001,ff0ce6c8717cbf8a8517e675c2044d02,false,false,false,false,1153
1004,cddf52edce930c7c27a6a005e0a35822,false,false,false,false,1070
3000,95e26b133afca13121bd43e8878f06ca,false,false,false,false,479
1001,94827f56afc5549f68ddba73dcc930fc,false,false,false,false,221
42668.98,3ee834dddbbdfc60710fe4c50fd952a1,false,false,false,false,149
1003.81,12c7f5482493ef527d0ad02bfaff3de4,false,false,false,false,1009
1502,de9403b2448604fdaf7273f7b449b5fa,false,false,false,false,434
1000.1,dc6ddf98a9dfd6125b8cf19ae01e0065,false,false,false,false,1004
10038,ad194728d58159e132eb6c97f0f5d83c,false,false,false,false,233
3062.55,b9a97eb2b78d0d4a03603c261591b6f7,false,false,false,false,216
1157,79b3a3cba4a9a920a582131d81ef0b36,false,false,false,false,518
3013.907,8612a5f36067aec79233d38f11304868,false,false,false,false,921
3216,fc820b5b647e80452ae1457f2477e763,false,false,false,false,695
3020,718a3c2529b75d9dd447ac4185b4e4e2,false,false,false,false,612
1504.2604000000001,69dc7d25d285b19f1e7d35e54ba704fe,false,false,false,false,988
1254,4dc89ca9e44d8ad0599f98c157455598,false,false,false,false,43
3000,3b596ff3ce842d5b366f916b2cf509cb,false,false,false,false,823
1691.18,359a33294f7870d05d0cb97c8fd6940c,false,false,false,false,713
1001,bf85e2a4164937c2e6bc873eed932f03,false,false,false,false,1105
10006,624414c2585a620c96e6e89abee2d7df,false,false,false,false,416
1750,cfceac408f98d80ead3c15546f2c8be5,false,false,false,false,989
1001,8afea325e27d8ef8b620b8621a0cd7ae,false,false,false,false,926
10516.978558952533,74aefb312d65bfd45298e9899ea97f79,false,false,false,false,199
1000,546a9c15387174af36bfb52f452c7e81,false,false,false,false,1107
1000.999,83b7ce37d11138b3f86369a566149ecf,false,false,false,false,1145
3020.203,6def83a86c4956634fd89e2aad4ee856,false,false,false,false,652
3508.907,031e6fb826dfae73c21ce22a820a1d2e,false,false,false,false,461
3513.1459999999997,29c32e40bf3c21a988776e4e8be269d8,false,false,false,false,608
1000,6dbb0fed6cf3a5cfe76b36c3cf115dce,false,false,false,false,99
1043,a0801a50227641ec6aec0b0ab8e3bec2,false,false,false,false,788
10075,1043836e912828e4e8b313bd884325a4,false,false,false,false,465
10757.859,223f0f21aa9e8b3f10c97cacfc205b91,false,false,false,false,540
3631.8,6812b0c86405ac25a97936cfbc34b708,false,false,false,false,392
1523.8899999999999,495ddee3d9050f08ccabec48d34da6ab,false,false,false,false,100
10003.9581,5215bf74a57f7cca92e632e150d639c4,false,false,false,false,487
1000,392d8c653c7f5ac543d6dc5e929fe219,false,false,false,false,1064
30000,d5cb98308b3ef4077b5692196918ea61,false,false,false,false,228
30100,d6c2a75cb5a0b68b65db6cfe6ed5eb9a,false,false,false,false,80
1001,ac0087e69a0d204866434af258f71688,false,false,false,false,938
10000,7d0e0bd761d4c16ffb953188909899af,false,false,false,false,613
1000,771ada862693040264d1e55d095fb591,false,false,false,false,1085
10008.384,8f7888235bbb9fba5a61909aa4c6893c,false,false,false,false,67
3009,5d59b035117691f6d4c13e68c4b7a0a0,false,false,false,false,736
5028.08,c67226d9d001793bc24cb686fd08e302,false,false,false,false,502
1502,e0ba204715ce06ea13d1037f198421cd,false,false,false,false,1015
3010,27265fc7fb2e76ae23906ee85688d752,false,false,false,false,552
3000,7bcb6371bb4bf2dbf7600eae88b0dc5d,false,false,false,false,248
3004.402,585e9b49ba8156c00b2611bacdb4b2bc,false,false,false,false,627
3503.905,72eb34c5c10dd006b1637537b0052414,false,false,false,false,11
3000.1,ca0d0ba2b2ad01ecaa5daf0c5545b05b,false,false,false,false,790
1000.01,f6e98dfb24ee26e4674bb10473c6db36,false,false,false,false,399
3016,9b6c9bc3cc8f77f79909ad28e54a1afe,false,false,false,false,185
10122.713,fb6fcf5bb44dad67d7ecbd140aab4f2c,false,false,false,false,122
3001.687,7b4287a230f5b40e7ba9414608d224e4,false,false,false,false,672
1010,3c4fef335597fb11b060d414e662bf75,false,false,false,false,545
30937.6634,e790b22c7cc7f49c44b2e2baabbad9a1,false,false,false,false,17
1000,1eab38c66f8dd2085bb59cc479a74be1,false,false,false,false,1140
6006,d67d8ac49c7d9375ec3a7071bfab5b75,false,false,false,false,556
3001,d63b1e7773d098912d15c578a6e0ed54,false,false,false,false,1059
30534.8,1114c7a5ead381b25fe4b70320913a9e,false,false,false,false,74
3000,cc8011e3fcb402360ebc90b21d1aaf90,false,false,false,false,829
4567,4c0ea075d16f3dfbc542f6863f5b21ca,false,false,false,false,541
1050,389977acf0384085ff9ed6167e337218,false,false,false,false,889
1064,cfee1ef19f07d6370481b4b7ef5b1b00,false,false,false,false,1144
1017,57eeb0527c8ceb1ec5cc0db008ceedaf,false,false,false,false,807
3080,6b7a8cff67fee2c067af278272403276,false,false,false,false,531
3208,85bc96a244fb1029043000c4328022e7,false,false,false,false,297
30108,0528aa922731946c726c517abda2edc4,false,false,false,false,65
3000,7ec9c9172aff11b46f9776cc9ad12bd8,false,false,false,false,328
3055.616,13b69a983aa913359fa4f90bb3a93543,false,false,false,false,793
1050.79068,eefb088b1f58589905ad9be98d4f2910,false,false,false,false,950
10015.825401124037,9c742035bdf401ea543c25790602cd6f,false,false,false,false,206
10020,1c88588478748b01ab519252231adf6a,false,false,false,false,364
3000,6b65ab4d7738f8eac206e6acaff74b41,false,false,false,false,1045
3001.1206,3b4eab4f8591d28cf0001c875b415879,false,false,false,false,202
3004.407,fbc30bdd8b58c5d6253a58ec777d5ae9,false,false,false,false,665
3004.689588083902,7d1bfc13805e9f4d7bea5cacc887f89d,false,false,false,false,514
10526.3153,ad9a25468f613e2798c263f04d92b38b,false,false,false,false,298
2000,b67bfc9659737294d94a4acdab611206,false,false,false,false,638
20126,1d10526de1a5e37185d9cca14f6639e4,false,false,false,false,235
3000,80f623cc45554f323d81670b4a88fa74,false,false,false,false,120
3050,522c5651eb127c2daa3cb493177e05f2,false,false,false,false,549
30010.384296359403,5ab16eef46f6ceb7fed7539900bcf36c,false,false,false,false,245
1003,4d93fab126d196eccf53b2ace0e45a8c,false,false,false,false,1023
10291.1805,cea658d9d5c90701511aa7d5776821fd,false,false,false,false,269
3556,47b167e552a3c4f3eb59c62a6cdc9ce2,false,false,false,false,64
3003.77,9209837e89bd8b455dbbccfb13a59316,false,false,false,false,1014
2026.28,6ae826fa38c35de3d063595a0b5bb988,false,false,false,false,698
1510,627f08e3250da766046f734c192a329b,false,false,false,false,1138
1008,0130b9d7aa517c5c86edc22965eefbdc,false,false,false,false,1095
1751,f8bbdba7dd3dbc8504be76c7cba7fa6f,false,false,false,false,574
1000,f20e102a3d73f7827f57ca03c11efab2,false,false,false,false,1141
3002.47,5d8e40638edf8a5fa4450b2595e52a54,false,false,false,false,819
3005,4e315c0300cd4fd12f3ab3ff2656faf0,false,false,false,false,607
3445,61424811cbf25d7aeca74367e3255aec,false,false,false,false,640
1500.0230000000001,66488808a48c9ddca965f5e4b8adf683,false,false,false,false,943
1501,86c17b642e8de105484f189530aae89d,false,false,false,false,1032
3003,6fd84a11149731f18d47a8f915d20ea9,false,false,false,false,876
3001,8329e9c0b407193c945234a5fc56c828,false,false,false,false,1099
3000,78aa06f8aa03338785c537205cc6c10a,false,false,false,false,975
1000,b9724c21f7d38ddfb87eff8a21864894,false,false,false,false,742
3006.115,9a440872b5ce92ce474843ab55292db4,false,false,false,false,633
1000,f65a351141288a5d30fdd5863501f401,false,false,false,false,1101
1048.461,d35926110b22bd2a972717c2da7de326,false,false,false,false,1147
5121.58,4c9f1cb4610b97500fa112168cee5bb5,false,false,false,false,854
3305.9,6becbdb345f33d94fbac31ec6ae139b9,false,false,false,false,92
1000,080b242e44aa0f130b91a1f9fe776822,false,false,false,false,825
1000,cc44078f473256677ae1af674cfef57a,false,false,false,false,859
1007.402,153dbfd1b6e4c80190e311a4768192f3,false,false,false,false,1
3510.48,b4d195a3b5d384a764d521a8ec62a9e4,false,false,false,false,292
1000,f7d0a8ed61202f1270d191b189e5d959,false,false,false,false,778
1501,f54affeffdd04052ff79e201abdee368,false,false,false,false,1008
3002,6a117dd459ae9fd86514c22fe2bc1239,false,false,false,false,419
3001,96d2c82657dec8436038a34cfefa6afe,false,false,false,false,1017
3028,541e6192e418a742753b71e51ec4ce2f,false,false,false,false,147
1000,dd35d50f665f32114f940fe3700de279,false,false,false,false,847
10009,d24f4801113f6b26ca42039627cbb172,false,false,false,false,319
3002,5bb734aa5d3ddb41779dd2abba7bf58a,false,false,false,false,860
3149,21e0df340c5ffa42b27c7a80a9d7af02,false,false,false,false,606
10507.9831,848d489e81aece2d47754abceaa9ddac,false,false,false,false,290
3001,db75724bbafea5e588c8666f04c847fd,false,false,false,false,852
3001,e3f4ba0b19f822d1e7dbcdf1dc8495fb,false,false,false,false,308
10013.074,e97914c34dbf156ccedceca9de51f31c,false,false,false,false,158
3001,f3de894f0381833abe6dd88aabd67793,false,false,false,false,981
3000.527,1be3e5330e043ad35e5108c7327c368d,false,false,false,false,151
8650.0108,f00a73a0d62c1173a3505dbde7ffb124,false,false,false,false,143
1028.379,8d482295ad421a70cfa026a219e68d47,false,false,false,false,165
30005.73,4f835eecea7029ed70d713f4dd1c7e31,false,false,false,false,52
30045,1ed6bcce60f0837d9019e52cebc7ea73,false,false,false,false,129
17849.865,36d227e2099ede721a8d80827a45be77,false,false,false,false,220
50134.511,af554358a965e3380e3ccf671e099ad8,false,false,false,false,68
3022.509,1c4eb5e816c80d4a952619446a65490f,false,false,false,false,126
30185.53,41f18923223445760778aa51ee1d382c,false,false,false,false,115
3000.0045,c019485a112e368ee0b510dab4f3e9b9,false,false,false,false,275
3005.896,70e174c751070ff36728c5195f90f258,false,false,false,false,539
4582.018,ef9d5ca7ecf2f95673498620c0ad4fbe,false,false,false,false,135
10001,012b7eb361552bd8612d03328f6f1c25,false,false,false,false,140
30500.894,dc9b8a328134211f0d01f725a75d9552,false,false,false,false,63
3503.000548147914,bc496b1bbed9d2a583f52ef721f60b0c,false,false,false,false,123
18774.892,8a81959b1e566d5f60e10221c7eaedf8,false,false,false,false,136
1000,12b1f115d11baeedda788dcb35a723a5,false,false,false,false,1128
1001.647,759bf2f4c4c8ad845e818e6131a34783,false,false,false,false,1137
30500,514ebdd61abe82341f00f0900da08586,false,false,false,false,104
3507,fc81a2cf6166b4f5c59631326f7273c1,false,false,false,false,141
3000,3fb306ae1fdee74e708c106c63558d6b,false,false,false,false,180
1000,7840c928aad6b89e4a005ef418ccc9cb,false,false,false,false,1132
1009.2671755753777,db1984d0f5665ba47810d5b786bfc158,false,false,false,false,1148
10001,62efc20629a4bb5ac541ffcacdd141ab,false,false,false,false,106
10000,d9334f5b4e4de7e4b5fa696396ecfd22,false,false,false,false,139
31483.663,2dca67e25ee2595bfe3c0b93aa1ab756,false,false,false,false,176
1111.3705,dc9a179d4490a3f337350cee6012057a,false,false,false,false,1130
1005.183,af8a3c92e182247962ee7551ec1105de,false,false,false,false,1134
10700,8da8f4a29589634767888ec43e83dae4,false,false,false,false,111
1002,c354ecaab6a2dc9e1d13fc2d0d038228,false,false,false,false,1121
1001.896,faeccfffc703f4ce7680f458dbc1f273,false,false,false,false,1149
10015,ac4a083fa793819a145da384fe0d1023,false,false,false,false,107
2706.0446337171234,f75d379993bfc497d6efefa2582d76f3,false,false,false,false,112
10000.06,d712cf758d31264408f50d059c7bc5cc,false,false,false,false,113
10052.871,89ff6627a9a00af71dd3b9eb988b1c1b,false,false,false,false,114
4753.258,cdf0bdc146ca4d11eb1e75ee73dcf7de,false,false,false,false,270
10000,56fd879fb229d4be8a9362a2f2722ffc,false,false,false,false,523
11502.426,3cde86cb72c13129db4f6f08c1e5137f,false,false,false,false,274
10064.21,e811a138ec21aaac02504ad33c945a80,false,false,false,false,304
10572.666,18862e2d13f9fd37ff864f264ddada46,false,false,false,false,241
10140,d80365093c7c4bbe34ae01341bd25083,false,false,false,false,272
30038.329,d1556d985492042035e809e38d7dada6,false,false,false,false,195
10000,0d28350bb123b62b436306ba99fd7efd,false,false,false,false,200
3022.9026,cd02b792ba9d3354b325a727263d9d3f,false,false,false,false,598
18690.104,1451fc9497066141c119b8d64fbe83dc,false,false,false,false,193
10003.1915,20da40a6f7ae91e044294ea10f993d43,false,false,false,false,600
3500,668e0fe1fd1966ac08f16e7dfa1f9a04,false,false,false,false,609
5864.9773,6c25a8090b0bb7134ebdca0c690788d3,false,false,false,false,194
30535.112,58807a9ee52ab41a7388cdb6a8bb4d27,false,false,false,false,203
10001,fb0da10fbbb3306a3ad0e3d966ad0f1c,false,false,false,false,338
10078,06aa2521089361abec7366cbb1734c36,false,false,false,false,349
10037.551,00bd20c2e75d49d4546a3b97f57b372a,false,false,false,false,350
3528,c14195ec18d66d046fdc2df404be3def,false,false,false,false,280
10000,713e87d37d2daf7aa2e83ac2ae8ddc17,false,false,false,false,162
10580.6412,313e9c6da4218adbe90c4cd9dbd8e936,false,false,false,false,179
10000.03,3ef90ff32d69b4c9a3852201a236366c,false,false,false,false,237
30273.739654323457,5f863f3464e31ed48254da37665d5558,false,false,false,false,242
3001,9d74ecb11f07026f7e2f54975983004e,false,false,false,false,186
3002.007,08c4c538ae26cbe03a8ffd80dd2d8d27,false,false,false,false,238
10055.886,73bc13bbef8cdf5250daeeeaf19c4909,false,false,false,false,231
10000,0c2cda9de1f43ec0b71887f3366b4123,false,false,false,false,243
30216.675347352822,672c6e27286350446fdb59b926e6b729,false,false,false,false,8
30001,5467bb37ad754b468357da988cbb1cfb,false,false,false,false,249
3000,a2293d6b19fb77d84d4ef2f27c15127a,false,false,false,false,39
10000,e80fe8d6803f9c1a7727a93ca74dbe96,false,false,false,false,217
10037.148,0c15492a44cd23b2a2345dad1b41de31,false,false,false,false,16
3500,f18f09a8948904146dcb16f354602199,false,false,false,false,18
30000,b3e864e8e5415785291c680f8d6ebe3b,false,false,false,false,38
3059,3f502c3380e711be1d18e89dd3d80629,false,false,false,false,40
3006,fe2222fa10b97002d532c7d707e3c28c,false,false,false,false,214
3010,6734c630a35b82a10df4570a51b7738a,false,false,false,false,222
30792,d2b13141bc9aa0ef2a54d03d0625ff7a,false,false,false,false,229
10000.499,bd5081461e3d6c796fb1e973e73c4521,false,false,false,false,12
30001,e83a43c0c8ab0936bdf8037be4a91e60,false,false,false,false,13
3003,ad8190515c94652f58408bf05d651230,false,false,false,false,230
10000,ef6e60f8747a5a5b241fb4ee7f592e9d,false,false,false,false,4
30002.063,905bcd539356345269142d8b3650a2cd,false,false,false,false,28
5845,df74a3b0231b946cc77a99c490f7a562,false,false,false,false,250
3000,effbb1b464630fbc617cfa13a92850d8,false,false,false,false,15
3508,ac418a7304715378f92e0c5144398491,false,false,false,false,31
5176.722,55274529847366aa49c430506d54259d,false,false,false,false,36
3007,afe73a3fdc93d5ea3b530544da606ec7,false,false,false,false,459
10000,718b6e5c47f2407eee6cb897ff026b88,false,false,false,false,442
3055,1e24fc8309e8d6fb73e7fe402a464448,false,false,false,false,187
1004,5cf3134a46f8e19881a891f674127aad,false,false,false,false,293
3000.83,d699870d2662b329f09c85d96322fd9f,false,false,false,false,189
30057,4368a43e7be3d41afe4bec22b8f01307,false,false,false,false,445
3118,bcebd1d1f8698213f87d235691c7fc97,false,false,false,false,458
3000,d7ba0c2f3812be57fa4e20de65256536,false,false,false,false,191
3000,4df11854c7cb16ee5d7c347c4cba9031,false,false,false,false,192
10046,b1987db7ccbaa7f05fe5f8f413a15dec,false,false,false,false,375
3000,f13376c1a755f4342603b57e1cb03a23,false,false,false,false,190
5017,edc143879c129faccf402beadeff01dd,false,false,false,false,400
3000,45df77193506b7a6136f12efb5ef41b6,false,false,false,false,413
11462,1ccfc47658006307bb8fc343e17c22cb,false,false,false,false,402
1010.127,2cb26c4c684f2ef6c634074705687633,false,false,false,false,408
10015.099,f0c57ebc5798b7732bfb3a111bee7bf8,false,false,false,false,427
3003,5380e1746cbf8d57e3cfa64eb09723fc,false,false,false,false,450
10000,3b8f9905d10715a6157a88d56a44b95e,false,false,false,false,449
5022.554,4a818ebb7db5f2fe434e5e6cd9df4e76,false,false,false,false,451
1004.01,8128cb054c8d1b90db4bf4f1a29a9598,false,false,false,false,1020
1048,fa9d3bdec56d4d1767e01646561d371e,false,false,false,false,726
10000,ad767d03e7ccebe09650f328ffe46810,false,false,false,false,733
10103.392,671ac5efa2fc77b5bc316faf48915332,false,false,false,false,204
3000,b104661a69932a8c7b6fa4519540c32b,false,false,false,false,205
3100,1a1c20cea08568eac25309af081508b4,false,false,false,false,359
3008,67b8c324b774ac7e46c2d80c929623b4,false,false,false,false,353
10000,c0a732c361474c9299cab9339f5f0cee,false,false,false,false,351
3000,ec19db874b38138245c4b23e1f5a5d3f,false,false,false,false,370
30037.348,b560bd01ed5df87c278a1d9f5825e027,false,false,false,false,22
3006.456,c26d449c6fd4c0e8cc28f413e6b82910,false,false,false,false,940
3000,cd5d5df9f36eafdb9b0b870e6aa2ffb7,false,false,false,false,361
1509,431b98af662ecab2b9bf10253bdcd2ca,false,false,false,false,369
30038.218,f2c045e70b3af1928edcff71d1cdb0f5,false,false,false,false,19
30509.63,b2676d87a47f1ec65939b3bd209ab26f,false,false,false,false,23
1009,5b9c2c9de2efde3174832a7288c687d7,false,false,false,false,254
30072.206950111704,fce315e03902bebc77832d0529fb33b2,false,false,false,false,24
10012,a75bcf5cfd604f56df69d92c3607ed90,false,false,false,false,261
10502,f46a12f79e9ba7d40e8600f54aab095f,false,false,false,false,257
10108.5,6b018e370b9884cb5444a7775deb8e7e,false,false,false,false,264
1001,02b2d3b605abc6497dbf7dca6b3cca65,false,false,false,false,267
10508.94432603,eac99bd738b196b41d967674a007af0c,false,false,false,false,437
30200,061dafe70cab4664ef5a55235c7c27f3,false,false,false,false,213
3000,1edde2ac5479259da403f847513f3e2a,false,false,false,false,414
5250.30223519,1edb746df1f330d3f83a804aef58b803,false,false,false,false,438
3000,c4bd6f48cfec08c36c611a14287e8f2f,false,false,false,false,431
3001,89f5f58c19bb8cdbbb78a49863b665e5,false,false,false,false,440
3500,70868304cb96c8eaa641ab2bcb6ef0f2,false,false,false,false,281
1001,f5d90fbcd44bec09c2923300c6e192c8,false,false,false,false,436
3000.06,5614099e0476a3da2f4aed179659643b,false,false,false,false,211
10010,a35c5327eef9e13bc938918ec2bc2d84,false,false,false,false,276
10080,4b15b79670e1c2c83201cbbc0afd465c,false,false,false,false,289
10000,292bbe34671ea8d14b5d54662690a00f,false,false,false,false,277
3000,41a20a578d484935763dc8d432ea5513,false,false,false,false,299
10000.42,7c0fdb6157679908171449274618e122,false,false,false,false,377
3025.4609232012153,03c0b38f676b3158ab1ef855e7b9470c,false,false,false,false,928
5394,106c8bb7a4a2752ba6c436d2137f8a7d,false,false,false,false,286
3500.5,6ff3822359ceb2013c17d19db194c26c,false,false,false,false,376
1009.88,6d67a880ea3fa265880c20d676bfaea3,false,false,false,false,931
10018.772,6cb002e137ec6eeecd86b72dc82aa099,false,false,false,false,307
10153,d5527540c3b5c9493080ba9d3d46feca,false,false,false,false,314
3009.916,2522da4bda451c9736442914385f354b,false,false,false,false,896
3500,f86dd79985c01000a9267518f48d8e12,false,false,false,false,378
10040.55,915655ab8da24ee72857e1993220f6ca,false,false,false,false,300
3000,c7476d58bf14b607e687e8c61da7979f,false,false,false,false,311
3171,26520297f00a62d05e282aecbedb3c5a,false,false,false,false,939
3000,c2c43f139f79f4991351e34bc192e44f,false,false,false,false,929
1001,eaf9e165437c0de208df505973c020b0,false,false,false,false,934
1500,2da9b313f277ff8b2998f84010ee4c54,false,false,false,false,718
10000.187,ebc75ac8642090c270e20f57049bb39a,false,false,false,false,569
1000.537,b5a5a5bd9eda5f7d16ddbd0ef053e741,false,false,false,false,944
30029,44a8e17588d89c433332ee0e73c553e9,false,false,false,false,82
1831.6669,1c62573c36d6062bfb64bdfa7926adbd,false,false,false,false,937
5655.025000000001,6f455542d91b6f63f5d6e823d1bf743a,false,false,false,false,321
3000,1a8b810c913889138714679e067720d6,false,false,false,false,941
10003.94,eb6190f9453c277774c98a61e1d3504f,false,false,false,false,46
3004.552,b44e9eb2283de868811b8876fa1b52a7,false,false,false,false,942
32625.796,f0d17624b6a5514245b2b2b1b370f713,false,false,false,false,316
3000,c466644039f30f15b14f2b1152b083a2,false,false,false,false,322
10005,e070d0a28ec4a485adf46860c27b89fe,false,false,false,false,329
1000,5e4bb6d0a695ec8bad82822fe16a04af,false,false,false,false,946
3002.743,136f029e08d80b25a7292c5a89ccbfa9,false,false,false,false,320
10502,ff4c7d9cfb5edacb6e117ecad9ed30f0,false,false,false,false,420
10500,8dd213d2827e1bdf55428994c9562063,false,false,false,false,324
1001.39,3ba63db0acf6e952d90fcd3ee68ba204,false,false,false,false,331
3506,3e82b6a57a9b86ae77d691f3c324c14b,false,false,false,false,330
10637.492,c1d801a4b1b19110f746d7755831a8a0,false,false,false,false,424
3000,c3e86a2b9ec1949b8ec1b5e19af2746e,false,false,false,false,501
5000,8058054297a66a05c8f015d5f5486498,false,false,false,false,504
3000,1369857a16b9b76519b5b5b195b4ade6,false,false,false,false,395
3000,0205b3d85802fac2a5a593ff4afc5b46,false,false,false,false,423
10008.478,96978b2afafeefcc1f817d92e7b52ded,false,false,false,false,397
10011,4c816cf5668f24d7695ae711a902abe5,false,false,false,false,497
10000,0ce0472c9e86b71cabb34a9fc9ea76b7,false,false,false,false,527
10501.588,57c5fbd8bd4ffd04517ca7cc9c9e154e,false,false,false,false,535
3100,e43234946b31860aee3f4ea5547340db,false,false,false,false,506
3016.822,6c4a388897c5680e7be4cbc9d372b7d7,false,false,false,false,530
3004,16a2a91fbfab0c253af0608f8784e030,false,false,false,false,456
3000.297,7ce23c3c93db18270eafbf1c1c455814,false,false,false,false,496
10526,9c4276fdd189ad6dc42506628254146c,false,false,false,false,381
3000,0111078ed0906414780040f4bd908560,false,false,false,false,532
3500,42ab4597ee03e2dfed97ba49871ecb06,false,false,false,false,455
3001,e4cf073a1a7ad0374140fe97c0978c2f,false,false,false,false,555
6407.699,9df07ae9df255b5f5e33009e1d537002,false,false,false,false,533
6015,7a6f15697cfb25c47bdb2ef874e886c4,false,false,false,false,491
10484.643,ce22b11c4337229276dff60f6c1cf583,false,false,false,false,457
10052.9949,a18b8db885d553d55e8ae387d6c913c1,false,false,false,false,493
36022.215,f32e6caa9127b8e6da8fbe776a2edb76,false,false,false,false,384
10027,1db27d4406e81c3a8ec5e3cfcc70c627,false,false,false,false,415
3000,adb5d91185e31b27e60176de5f30732a,false,false,false,false,509
3500.001,7865fad25641bcd68c2f324dfe3b5c82,false,false,false,false,526
1004,c922cc2015a9efdc0365777ee62f6b17,false,false,false,false,417
3501,68c8d85c1cdcd691a9ec7f7173fa210d,false,false,false,false,510
3000,d9f3040a6d8b71b24987e418db43baf9,false,false,false,false,567
10001,d753c296de70e030850c5fda9cb8cfe7,false,false,false,false,507
10000.472,3840f0ca7f203882cacaee9ec8513188,false,false,false,false,519
10507,a1536262aa8febc48d5208d39c0a4964,false,false,false,false,560
3005,e00aab2847f9c08ced940794d123e60d,false,false,false,false,812
3010,3b7b69b67aac558b98b45b3af80ea0b5,false,false,false,false,724
3000,1941b81dd0e380d899f48025ca62d65d,false,false,false,false,565
10016.263,e66bf5e9a2f268ea6d0dc946ee54484d,false,false,false,false,513
1001,41deda4fd52b8bcfbf2a31a1999a5d35,false,false,false,false,632
10001,361b790d79468effa5f24e2646d80deb,false,false,false,false,564
10030,1ce5bcc13d7f2f1a855f0fd26630475d,false,false,false,false,621
3040,027ae4a6e1e1a6a0f31439464b64fd8d,false,false,false,false,622
2101.218,9af14d48433d0b81d7bed4f76056e6db,false,false,false,false,740
1609,7c885c5bb6d6052bc73c6aa7d735bc14,false,false,false,false,820
3017,7c7569e6461bc51028fc92abd892450d,false,false,false,false,628
1501.321,903785361b76d680db138ce7d6615319,false,false,false,false,743
10577.783,3516367a212dd9f940aee83052a52f5d,false,false,false,false,207
3001,d97419fad0a5d879b5ce3f45854a421a,false,false,false,false,818
4207.267,1bb954e1f1fc17b21a089f3468adbd17,false,false,false,false,629
3500,c757843e0377ce7df4233c64ba76557c,false,false,false,false,809
3001,1b6d8d0ba37542b606b88660be7e2749,false,false,false,false,810
3519.201,4caf4b26ba727b8862c95441a6fbafa1,false,false,false,false,464
10004.9247,e368d62970914dda91b334a3fafb120b,false,false,false,false,473
3001,c3129d3a2d8ad35f0998c2f365c14699,false,false,false,false,559
1001,5c1a791184b1e2cdab354a777a540d07,false,false,false,false,467
3014.442,db6ae01900f88c313f580201e78c6928,false,false,false,false,481
3000,ab86e13c64c37dbb3792a03a19a52798,false,false,false,false,848
3000,a243959fefe46f69bb46678bec404bd2,false,false,false,false,470
1502,41db0cdfcdd808bd172cd7582dc0f75c,false,false,false,false,853
3737,cf71402387fff62519c5c5058f0caff9,false,false,false,false,468
10000,d92f79800bdd6ee0776ef46995ea2605,false,false,false,false,482
3526.104,0acbb57f3cd3bffb2096f7c8d5fbe152,false,false,false,false,471
3002,47494db079b50e795ac0221c66671908,false,false,false,false,830
1100,8cf6ca7e2f15c7a61a595ee6138aaf24,false,false,false,false,857
3056.894,4686db7cbd84c794f91bc19a8f2d6711,false,false,false,false,636
1509,6d6529990eded247690587688cf2a6e4,false,false,false,false,571
7500,1158e1d34345be0a3c0ae225f3a73d13,false,false,false,false,856
3002,571bf0e5e6ad8d61f8aebc255ad534fa,false,false,false,false,537
3009.89,7634a2a9f1ed1e0eecc05cc40736dcd6,false,false,false,false,874
4000,7072de0a860a98396adc0ad44fc9284f,false,false,false,false,548
3000.641,bda3936e959a022641a4a6dccb869eb9,false,false,false,false,551
4007.0000000000005,348b2f6547625c4c8503314f77b2d70f,false,false,false,false,586
3000,6395c07ceadced2579623e84d5cfbd18,false,false,false,false,870
10220.897,753a8af89f7e2ed9df330d9b0a413f75,false,false,false,false,666
3500,4c8c65dee4ba8109adf77be37904fc59,false,false,false,false,575
3002,8df14a8a86305a1006f1c672571564c0,false,false,false,false,576
10049.288,4029abb332b2bbb8401ff3b955ea4a72,false,false,false,false,583
3530,f2876463a41acec1557e3f207b6b8c68,false,false,false,false,550
5895.318,727e83587672bad5697a05c5b838938f,false,false,false,false,578
3000,1f5ad425e16a4ea4bc96470642d9c6a1,false,false,false,false,588
3062,a6eb44272b8d5255f0a9b1ba6dccfd54,false,false,false,false,685
4006.38,6169c37f786f837860edb6730fda34b9,false,false,false,false,587
10119,70504b31a05270827b0ae9bcc47bdf09,false,false,false,false,683
1000,2b4ad2b4d4c182c3e68e148530d3ebab,false,false,false,false,690
4675,b18a83090bf4b79f029150a5d37267bf,false,false,false,false,610
3017,29f7010cc2e2e828f4753c753b046fc4,false,false,false,false,664
3000,9ea57ba128f6f59f70a3ee36465ca3c6,false,false,false,false,637
1501,bc98b7d915a24387b9701c8950f42c18,false,false,false,false,679
3000,71fba2988ebac3b4f2b2d0c97ae2280e,false,false,false,false,694
1007,7430e3a067532291c43d51f906f32ee7,false,false,false,false,618
3500,08894989c93fb78ed04e2b8652eefb8d,false,false,false,false,684
3000,6c71aa0d05faeae09e1ad0bf17065eb5,false,false,false,false,697
3501.316,92dc7fdf8767a9cb63ef61cfdeef012a,false,false,false,false,616
10000,50fedf010ab5534dc5b70e9f7b311d66,false,false,false,false,639
3000,91e9aee3a4f69f4202420e33b7036b72,false,false,false,false,653
3005,d0b06a470e32c951f3b2c25e228d3710,false,false,false,false,660
3038,a773cf08656ce2f7520883c1c35457f9,false,false,false,false,662
10000,5d2a03989249725355578aa73f72fda0,false,false,false,false,644
3000.11943,9b10f1be7fc262fbb1ce1680d6bcf4c9,false,false,false,false,648
5522.89752343,d3d39bfa08e23b950e3a5d6747c873d6,false,false,false,false,763
1007.118,14e5e7b8fa940e08435f4e83e524c866,false,false,false,false,645
1501.9070000000002,085b733d19b75f4624963cea71e3dc96,false,false,false,false,657
3016,98a619f7f0d0e886fb21a31a415562f4,false,false,false,false,646
10000.427,2f5cf31c17e62ca97f88bceb3b9103ce,false,false,false,false,658
3003,a1f54d8257c6a08ad4865fd1c322b12a,false,false,false,false,766
1009.38224576,95124654dd59df6e8abec680c50944da,false,false,false,false,875
3404.041,10bc5a2608d8b56746388b2bf79d31bb,false,false,false,false,673
3750,2a7f1b8bb051371225e9ae98201830f3,false,false,false,false,767
19209.401,19288e7dc397e25589a0363bfddcd279,false,false,false,false,94
10008.02,52599bea4483ac9552a1b95f8544c5aa,false,false,false,false,768
10012,b03e7193e9ee7be1b3888e5ce8d409a6,false,false,false,false,95
1006,889fdff3c208f1b28ac3f04e9f8d4424,false,false,false,false,678
3000,4ad491bd431640df3881ee62d81e65fc,false,false,false,false,869
10527,888a83af9abe2ebdf7686529e13066cb,false,false,false,false,667
3043,06a1c030f708c9dfa4cc7e716a533a14,false,false,false,false,754
10000,4aa1e01a4aa63b6574000adadc2ad8c3,false,false,false,false,669
3500,7f19cec81cc45dc604ef5f10ba8ad150,false,false,false,false,715
10000.113,0c214ce8501b205534e3dcdfea60cd4b,false,false,false,false,676
3000,682951d20a60dc059e563488018f2a1a,false,false,false,false,745
3000,37850fd6b3cab1ccd2d026849c439b28,false,false,false,false,760
3016.911,62946eca5d1dca9557ee78ee47ebe449,false,false,false,false,710
3000.699,a815e766c54b2725fe6821ffd01d68d6,false,false,false,false,751
3343.214718463295,732e0f54eb54138dab72fc275a79c7c0,false,false,false,false,773
1684.924,281c5c7ae422b2348f5f6928995cc586,false,false,false,false,780
1001,c36d3952e416417cb793eab21e41374d,false,false,false,false,749
10072.766,7e39922f304166fc671116255341f2fa,false,false,false,false,765
1000,a333924a875fb1d5be9a9999ff5cabb6,false,false,false,false,777
1001,2b7405f788f33dcc1fe46bac45f82217,false,false,false,false,785
3082.585,97991c5b21dea73600867406d30cb703,false,false,false,false,702
1024.627,5c45cea5edd261206a9efb379a7e131d,false,false,false,false,774
1510,daeeba4aca72f5417168196b269607db,false,false,false,false,771
3001,08fd65d8452a67c9521c9a2ae8cffa5f,false,false,false,false,782
3109.46,f31ee9df138064e01270858cd356db24,false,false,false,false,877
3006.164,f690d1b50ca643a35b5381c59c0b141e,false,false,false,false,787
2265,553e3e60390955b7f3f667d1c4de92a3,false,false,false,false,706
2011,42182ec9d7cbf77dd6c76eb48e30c9e5,false,false,false,false,880
3001,4011fc0d21fb987be0f0050e01fbd0ba,false,false,false,false,1011
3250,5db743ecb78002dbd24b2e989c532b88,false,false,false,false,700
3000,f079c26c2a9945f8b91b9b6ab5bedee6,false,false,false,false,708
3545,c6c2b3c8e02f7be552ae56fce08be50d,false,false,false,false,704
3001,9476741d28266fc07673a6ddc87f07b2,false,false,false,false,878
3510,a4aadac42346e98cf455eeeaf1d0c7f3,false,false,false,false,1007
3000,32c6e5639d9d616a012995ccabdca087,false,false,false,false,1022
1000.84,ae4336c76b3289416398b4344eba9dc7,false,false,false,false,1003
3001,bd4f3dd8ecc46967850b589adc1c8f73,false,false,false,false,709
3032,0313d5eae8811d02f6d6da19611fcb44,false,false,false,false,1019
3010.067,9a910c8c41123652315152a8bc7a351c,false,false,false,false,881
1000.1,39b1f06a4c90fbf7f88414ddd103a0e2,false,false,false,false,1016
1004.183,0573c3413f49b385fabcb966e05ec41f,false,false,false,false,892
3001,97cc824928673148e90e0276a6798911,false,false,false,false,1006
3030.26,c28903418bb8e782dd62d71688be6ad9,false,false,false,false,806
3001.5168443868233,f8bff6f212b141e44e40fb016256e00c,false,false,false,false,839
1000,40ee12bbce4250d4e10b07bfc9558eea,false,false,false,false,1027
3001,3b4a150cdc11d90149cad1168c7a3f37,false,false,false,false,792
3000,67fd2d064bc345de9be598b5c0f1596a,false,false,false,false,835
1001,fc2f2b9306d08363f665d0c12c9472e9,false,false,false,false,842
3024.06,4ae508392f51276484c4742a9f562ebb,false,false,false,false,797
3000,eb7025d74aa88abda91a22b7e987d8fd,false,false,false,false,837
3000,07851e3ed3b2b10b0981959dd7f08f39,false,false,false,false,799
3003.685,8f8f68af81c80f0ad134cb74ceb4a61e,false,false,false,false,808
1010,9090b2a75bf7ddd5abe8b2f1ab22c3d4,false,false,false,false,841
1001,2b22f4d4b586a5601de1211386dd1dd0,false,false,false,false,882
1000,9a39972b4c5d9bd843d8db9e91fb17bb,false,false,false,false,1056
3000,b7d64995cd468e947ea5e2c611603055,false,false,false,false,844
3001,37d648156eaa5dea69bad822ded17533,false,false,false,false,923
3000,a6411ebd7505f89a298edf6857326722,false,false,false,false,924
4165.83,ddcf9cb2fdf8d289d924cb82b378e3b9,false,false,false,false,845
1000.6001,7f8a4f0f3caab3239a5a069b1acff248,false,false,false,false,922
3003.406,d7d46dc76788596e40596e53dff2f401,false,false,false,false,1089
1004.294,80b92e0bc6302b305d56b3abb3f4303b,false,false,false,false,1092
1000.472,ae421fb121b0301286e880302d415c4f,false,false,false,false,1041
1000.46,ee4be3fea14d93e914d96a91a6e0353d,false,false,false,false,1046
1001.04,9421f3b6e32f79ee197ecf6f7faf40fa,false,false,false,false,1093
1010,2395de919638068a69dfaf9070694a15,false,false,false,false,1057
1007.344,114108364e3d5c700d6f5bcfa0715ace,false,false,false,false,1081
1000.938,54e998f7155c4f64dcb788ed4fe82d5b,false,false,false,false,1060
1515,f566e056f0c6baaa7aa4308dbd75db87,false,false,false,false,1052
1020,eb3f9bdba35715163d3cbab2031185c4,false,false,false,false,1048
1026,d26d88a499f104b85c797585ff975a81,false,false,false,false,1082
3039,aac13f4d4ac1b4c435ef0711173baf3f,false,false,false,false,1053
3111.762,5acdf7952e33b720529bed57cbc0b57f,false,false,false,false,1083
1013.925,28f2ecf027573ec66003c6b88c6c11b9,false,false,false,false,1084
1005,54ce86ca8a60038f602fb21075b93731,false,false,false,false,1113
1016,f9d9ca630d68f78425ba58f32e90eb86,false,false,false,false,1078
1155,c4430d213c9275f22b8fcaab4f6ff124,false,false,false,false,1087
1018.937,42b240cc66b0666fcfbc0be06f136d51,false,false,false,false,1114
3011,b29cfd080f5a4d2179aaea457c3557fd,false,false,false,false,900
1002,141fc78ce7ee0dc3948d137340aca0eb,false,false,false,false,1111
1000,31eda27eaf790a4a698e889b20e5d2d7,false,false,false,false,1131
3008.68,fb5008dbce5b25e62eaaaad80e18b3b3,false,false,false,false,884
1010,3b506053052389422ccd344dea589e2c,false,false,false,false,1112
1004.82,e582fe5075aef9db9f41fc57de2e5e10,false,false,false,false,1143
3020,9ee3665d8db45e00535fa03d57a942e9,false,false,false,false,883
1000,b75e41edf770572f04db16504704facd,false,false,false,false,891
3026,5847660d9be12c25be7da9401a164237,false,false,false,false,886
3053,b74946c54faccb6a8009904ad35833d0,false,false,false,false,911
3519,3511632431eb7150a69f8881d1f16253,false,false,false,false,890
1000,904deae0d4ba64d392de238c1acba885,false,false,false,false,901
1286,3024297d2190f574aff960a33d583d80,false,false,false,false,907
2010,c991c119ad10d624256b407e5f47e59a,false,false,false,false,899
3018.324,bd1e91575eb4b01a12f796c36117e1cc,false,false,false,false,903
1750.95032,a7960f128a2a8ad5ea330b6934f549bc,false,false,false,false,908
1038.4,57ae6665d7696e4ad649c33f36613852,false,false,false,false,905
1000.14,fe4a9a3ee22b7d62cf2d05d87113a1db,false,false,false,false,917
1500.844,f522360d4ad67994487909db705b205f,false,false,false,false,948
3007.66,65906c5b692fd3867a467b01c9ea4a4d,false,false,false,false,919
3006.059,f0d95f0347971d650e0edc4cad5654ad,false,false,false,false,957
3040,5a1bf325b2b57d5d2c6182591312843e,false,false,false,false,960
1005,8ce48ac0e7759959df5da5b76298ca8e,false,false,false,false,972
3020,40650d21920e9b300b5edeb8b20723b7,false,false,false,false,966
1188,ca60c3292e84bf4f7ae57a8c8ad2377b,false,false,false,false,970
1005,1dfa53146a4bab9c98c216b12731d108,false,false,false,false,997
3503,e6239d59f91caf00dfdfbe22b04d9dbe,false,false,false,false,967
3007,e4002c471206f6cff820846f76488ee3,false,false,false,false,962
3001,d8e354cfd98807f31655e131625f9367,false,false,false,false,984
3000,6b061aad7557bc8bd1b87be74e146361,false,false,false,false,1030
1019.89,a93882c9bcd1a0465fcfe6edf76654d8,false,false,false,false,974
3000,5bc75a379291c9cc0204b08803d8a72b,false,false,false,false,1031
1009,dd0b85c8c1e97162d62f560164b8ff5f,false,false,false,false,1038
2971.2340000000004,ea98fe81179ce0553b273a836d396a03,false,false,false,false,45
30214.8,d48c9e3ab1e43937fbe314d0c5bc499c,false,false,false,false,41
3509.76,8838c5ae8e1ba7b4f1bb068188c38d50,false,false,false,false,1034
1004,9660ea81d47bef164acda1f683da1e0f,false,false,false,false,1037
1511.8200000000002,ad4f2585c58de31d7657d2624b948719,false,false,false,false,47
1000,56f74e0ed8febe7310e88e0f1ac7fa12,false,false,false,false,1077
1251,f1428025284fadee13d9517eeafa721e,false,false,false,false,1040
1004,c549e5cfeb23f7c7511a7890062c256e,false,false,false,false,1061
30501,965bcc7cf5e3ac1b53184625012518dd,false,false,false,false,103
3000,d053a1b9a843728354bbc40c2179d08c,false,false,false,false,1076
30001,41fe9ea0f2bc36ed03831d7b59c9069e,false,false,false,false,69
1503,2e837b22741ab51eba027ede40f6329d,false,false,false,false,1154
10150,4b87df9f9bb4c06cc2ced32fa9b120c5,false,false,false,false,73
1000.901,f88fc66a4bc9a6fd47a82fa743f860f6,false,false,false,false,1151
10000.5,96ec50470059a7ed4db22ab637718b38,false,false,false,false,72
10600,4c4a41f7f783d667366083821c06368f,false,false,false,false,75
1000,9a719618f082c959bd6f94b4239b34e8,false,false,false,false,1094
3001,d6920b29b39e24e43e4ec835d8cbb01c,false,false,false,false,1108
12312,5d062cbc6d812a8783ac54dc59c4f9e1,false,false,false,false,86
3604.414,a01bc15413b8b44a7e9ca995424edaae,false,false,false,false,76
11098.0026,2722622da2dc814eb3a992c76e34b152,false,false,false,false,77
1000,83ea1bac52cf97c1f1de974266105f66,false,false,false,false,1103
10001.006,90792eec1c961e32dcaffae4f39b9539,false,false,false,false,66
1005.052,48c4b4e14a0406e246b298b0eda9d03a,false,false,false,false,1157
30515,e1d8709f9b90e32abb3acdcc921d7934,false,false,false,false,89
1002.439,e548244bf305414689b507bb5915ad4a,false,false,false,false,1097
5494.785,d2df08478682cfd3443886e9322af390,false,false,false,false,88
3501,cf4b1744a9080ae3e82f5cc70bcb29d4,false,false,false,false,97
10000,423fbd382b2fa96a58db5468406c976f,false,false,false,false,90
10002.783,02ee987ffbeca2953cc16e2cb979694f,false,false,false,false,96
10000,9218d51413171a96adf962dccde493b1,false,false,false,false,93
3562.78,630a74bf8cef8a1dc5914970cb7b0bed,false,false,false,false,98
3000,9d5c41b8ff380e2c66c86c8db698e792,false,false,false,false,605
10650,88d9d39eb10f917b1c2cf2a2b42ebc6a,false,false,false,false,259
3003,6ddf8699ea7bc43c31019d115cf08fd6,false,false,false,false,827
3004,514d3a8c5a255ad37b18f0364ae219b0,false,false,false,false,688
10501.195,857ba2d64bf50af684702068d8396592,false,false,false,false,247
10000.333,1f569f1382935235a7110d6ce0d4cef5,false,false,false,false,460
1056,c689888292ef384edf338e779a9c0a85,false,false,false,false,952
30061.212,5ca24bf784317dc13a3cd3ad3350d387,false,false,false,false,57
1000,c7dddad81594f5b6c8d3cdf2f2f39d01,false,false,false,false,1115
30007.344,2173a176d0a4f6e7b4d8e3bdcbb976b3,false,false,false,false,212
10002,76917d4769cc7cb66f749fd88a0849e3,false,false,false,false,278
3169.39,6017232a063b3870250dc0e8bd79ecaa,false,false,false,false,215
10254.1972,f67cec44df1e3cbc71991f421353f19f,false,false,false,false,334
3000,e8968f4f78058479a09ee34bfde68a1b,false,false,false,false,932
3000,979b1cad3f19f5935de5fe71a88c58bb,false,false,false,false,326
10000.4182,7f1c6ae735dfe61b0a65d38ec34f8292,false,false,false,false,227
10004.213,b81f855ae70120c8eeb07bf75d64d734,false,false,false,false,29
4100.236,1683370d01d1b708de5565054c4457a1,false,false,false,false,689
3000,c3495ed6d148938b13211967af73002c,false,false,false,false,198
1016.105,b2f3b200474aed5be7f0689151958470,false,false,false,false,385
1501,32451ec582fd221aec657305bcba09e5,false,false,false,false,379
10046.9102,ec1ee7e32415c23e396677eb544b1f79,false,false,false,false,426
1008.9849999999999,f991ff6e3e7e284faef60a1df0f12661,false,false,false,false,611
3002.215,8026df96310a779c2abea13625df3db7,false,false,false,false,333
3004.094,3d5918e77b54bd3b656a6b4372c735fd,false,false,false,false,885
3528.622,249b82a3f5054ec53d1a36b2913da1d1,false,false,false,false,729
3750,ee61b711d391aba73efb1459ce150dfd,false,false,false,false,620
3500,780dbc3ce10505069d3c89a142ac0f24,false,false,false,false,354
30106.031,75804d049f8c992d9482081a3f645599,false,false,false,false,2
10010,0ed3e3bab96df356ee416576c18255ef,false,false,false,false,421
3507.536,0855ab775985aded2c293a715903cdbb,false,false,false,false,888
3033.02,018ede057b15f6658452b964594e6cef,false,false,false,false,265
3016,90a7b937aa6973f964d8e769f993f2ab,false,false,false,false,784
10000,17bb6dcbda6deec5d8653e417070a56b,false,false,false,false,55
1001,39932676ac1aedc1275bfabcedcbcfa4,false,false,false,false,1133
1014,a0a6ed89c3e593a5e920859321e3a2ae,false,false,false,false,1080
1000,faddf2f9894896eb54b4752b9db17b7b,false,false,false,false,1129
30020.19,4549350a0ec1d2855642aedbd0426b23,false,false,false,false,27
3005,40befaa4184417b9fe6da51703666d26,false,false,false,false,861
3001,105a27086e55cc944807c7e49a7171e5,false,false,false,false,483
3002,6a298cfcc9de03acb7a21c65c1148356,false,false,false,false,977
10001,33060ec4866a6f0de3135e2da93d5c7d,false,false,false,false,145
3000,14cad3715e6922e173226c5fee4c5196,false,false,false,false,301
3003.512,6adfa63ce3d20d54972f487d50cf8688,false,false,false,false,805
3006,62b0088a4569efacefa1df8bb32032bc,false,false,false,false,240
1011,62f0680e1f217bdc453dee40078d26d7,false,false,false,false,1106
30132,787f0edfd357f27511525f6eccea405c,false,false,false,false,360
3510.715688562956,e365190ebb42a5540bee19ccb6b085ac,false,false,false,false,803
30081.245,88fc4fb75eb98fef37b0daa96e64820e,false,false,false,false,153
3003.04,402e6b0bae9fb76b2e9e7c72fdbe9429,false,false,false,false,1051
10014,e09bfd1c49b99c7a3127f7dc9cb29e28,false,false,false,false,183
10042.73,01aca4a21833a64ecfa319c935b1122c,false,false,false,false,59
4500.061,0a9c4dedfb13d355409bbf30889670c6,false,false,false,false,647
1026.13,a57feaf64ed25eb66d234d270217897c,false,false,false,false,1021
10000,0e82bb8bcb7a308eeb5f8f6993478811,false,false,false,false,478
1001.928,ce3c897150e4998011f88e03e6bee7ba,false,false,false,false,867
3002.1458,fdb87a7d9499d0bf718e51ba51ad1533,false,false,false,false,682
3000,ae780630173af9f2a81b4d35a14aa453,false,false,false,false,824
30001,954df9577ca17c3eecd14ea982ae03e0,false,false,false,false,14
1560.78,034d278998e9ada00442a2298ebcf601,false,false,false,false,712
1000.513,ac1300ec957a24d631e257a75f9eebe7,false,false,false,false,1063
6013.788,eb68b6de718eeb5bc0141422dd43a0ea,false,false,false,false,430
3001,bb1d4fb74e25c696af638e8a4d919e8c,false,false,false,false,902
1215.968,1f0f9f705cb7422d86fd6a87e1bc8b9b,false,false,false,false,1067
3000,92aa114ddc3fa41c5d375241637e7946,false,false,false,false,722
1009.1014,b30acf2084e7df269e1f6948a837d40e,false,false,false,false,953
5502.4032485874595,c97947367d67f08ebb7c4f934f9a207c,false,false,false,false,711
10096,79b24006929ca4e963e042b0a9a992c4,false,false,false,false,342
3549,41d7cc6aa6611891927986023bc4aa42,false,false,false,false,641
15253,90287430c0ffa55e56e79568d841e43f,false,false,false,false,44
1500,5f7d7e71b9539be2ea1d20db8a80610b,false,false,false,false,1062
3006.2254619418813,afafe0a01894a3a1d3f81b2622cfebd4,false,false,false,false,528
1035,98e4a581f422179cc133c339facd792e,false,false,false,false,912
3380,de501994d5a2bb3261a114790405e806,false,false,false,false,444
3499.827,ae849d8b9770c7a061ab74e0b45ee48d,false,false,false,false,488
1000,03741adc82c7fb111915157ce38cce71,false,false,false,false,871
3000,3ce1f50cb6e6bbd947cec6780a2a011b,false,false,false,false,755
3000,2a1a2346744102ec3fab6e1ef19a13f6,false,false,false,false,738
3010,1274d6f6cd04fda261c9105371be9d5c,false,false,false,false,447
10010,697d6795a59ab2151f9ca7026495ec44,false,false,false,false,475
10000,21974af83300d1d3364199bea975ddf8,false,false,false,false,394
1501,6178c134a4a098e8f81594bf65d0812e,false,false,false,false,1054
39770,1aed441711dacfaa72fca13c32a0595e,false,false,false,false,91
1505,7965f5520fd494dee08df241645c8f5a,false,false,false,false,958
1005,ace60da4c84b5035e90b5ee44060ac88,false,false,false,false,1039
3008.221,db04a1365ef28342b6c306f254f63c38,false,false,false,false,730
10000,0bb890768a11ede9499008cd6f3bc9ba,false,false,false,false,87
10050,82bbabce9390929bbc2cbf2a5b846314,false,false,false,false,282
10000.6,854f98601b7cf55a0b4a7c348ac5a724,false,false,false,false,365
1250,723536a412278690068a2aca0999a790,false,false,false,false,914
4753,a02e040e167c16fb50b98bb467a5a6b0,false,false,false,false,691
10141,0950bee3d025e3983fed446e2a5dbb84,false,false,false,false,132
10500.21,941efdd72d1eae3b2e65097c7fc208b6,false,false,false,false,337
3554.45123,adecc38db547e60605c6bf6ab8c0986a,false,false,false,false,164
30057.086,a121add0842c9fc9521702e718b5bb0d,false,false,false,false,84
3503.145,e568d9e23a3cdb3e788ff5c19df48bbb,false,false,false,false,753
1511,aca06b0e280c0befa9c2b1dd9d0c237a,false,false,false,false,131
3550.78,07875af296209d56fd84a0fbbec05920,false,false,false,false,1090
10132.886,fcedfdf6b02dc3778998d1f331c72a92,false,false,false,false,102
1029.264,7c59a5779e3909ff626cac7cb56f9711,false,false,false,false,927
3503,9707d293b54c91e144bff34d1bd5c8d1,false,false,false,false,879
1053.39,4451b8174336558ca4950b7dae8562bb,false,false,false,false,864
3900,b7823efafe2d2f4005a4e70324d0e5df,false,false,false,false,577
1502,ce25ac5c91e511fbc7966bd9fefc2ab8,false,false,false,false,961
1510,0674f2870661593f94cf2c3733d97e3d,false,false,false,false,184
4061,288a916bd255715d732827b4b5886219,false,false,false,false,317
10000,55afb81ef2f1bebb443f3cc51f2c4a5f,false,false,false,false,453
1010,6356129185b8a00f2fac1c232661afce,false,false,false,false,999
10000.7,61f3b665d9277577ecfc48fc5e7aacdc,false,false,false,false,554
3251.094908512024,6950a50d547220a780569467358ff1f5,false,false,false,false,406
1001,faa5b86392e4aec2e9bcb1d28d41dcba,false,false,false,false,816
1005,fa875d6230c830c49c504eb037fedd8d,false,false,false,false,10
3000.6,2f8f14f280d712bff1a1cc9b75d7ce70,false,false,false,false,752
1001,b9c6dc6ae4c04f0c76cd60676408659b,false,false,false,false,978
1068.506,cdeb6382ca9b7d5fdf6611deae688e75,false,false,false,false,920
3501.745,4b5878848cf7fea1a83f681b8db06197,false,false,false,false,110
1253.1635795142317,5ee130c65a12087b30f3a394ef766517,false,false,false,false,849
3000.5,64edd3146b2013f1a83882235714c655,false,false,false,false,386
3000,61ec9b79e923ecb9355aa1e5cbe120a1,false,false,false,false,581
3078,c8c22f12d7a6f37b7639e2168b777678,false,false,false,false,405
3020,6bf93352233ef0605c2bb01727e247fb,false,false,false,false,686
1001,d8376e4ff853198af065f5f30ea65455,false,false,false,false,786
10015.056,ff793b467c04a1c2b4d6ae6222e9aeaa,false,false,false,false,78
3226.68,a7192cf2e3da3ca9145ca2196e50ba27,false,false,false,false,739
32802.206999999995,ced5b49f9f4f065f3f3a936eed6caced,false,false,false,false,188
3111,1d29e019ad837561931de16d94fd3dac,false,false,false,false,1029
4001.8110745953527,b5ceb262a79a96df4a22b2f817c48fc1,false,false,false,false,731
1034.3899999999999,04b902993f4f9610ad3eb215b55dff46,false,false,false,false,687
1599,3c8f435b50614fa38ebda07c7a827ee4,false,false,false,false,801
1005.151,16a480f202c43ff89dd08e4f92ed0255,false,false,false,false,1100
3042.6,0d5a16c72d26fb0d31c053e6bcada702,false,false,false,false,174
3574,bd6ba7c2a8c334bf4115a8083b210800,false,false,false,false,996
3000,dd7841aec681f8448449442190a35136,false,false,false,false,719
10016.134665816526,350cf9e88536d038a00a3023214bfc91,false,false,false,false,262
3050,c209922e5885e8a28366206a762e12aa,false,false,false,false,872
2020.21,d3a0d3a3f64983bc4072bb9e4944e197,false,false,false,false,699
3070,1513a4141c921e00a03b5947666a51e0,false,false,false,false,512
2000,51ea4dd67c2f704f556adb790d3f0930,false,false,false,false,963
10059.39,2bb3ddccb11636e7de49df60ec7d4577,false,false,false,false,127
10007,98de18075358e55669aba2f14e1fdf4f,false,false,false,false,35
1032,d762e9a17fa9191e9e03efed171cecbb,false,false,false,false,390
3501,423292c8b08b678976fa2c440577dfc0,false,false,false,false,490
3003.101,43b33b970f438de7e54cdba5df570aa4,false,false,false,false,208
3501,be5e60446b386de83efdb8c7712c1a7a,false,false,false,false,863
3439.9836,79de0c1ce03b2c715585bbee2b56eb55,false,false,false,false,404
3519.0477,5fe84d132e62272105e87f84d19d2cdb,false,false,false,false,597
10000,4b9f7505b0a1f0c5bffb88714bf412ca,false,false,false,false,435
4811.27994899999,36ac9e32f34cfe6db169d6a4dcbe3c03,false,false,false,false,675
4621.666,5e7f891a0bf8aa7145dc154512366e83,false,false,false,false,547
4360.567232658333,02fe45559383f8d8a599aa5b0ac1d3f8,false,false,false,false,411
3000,f22826fb54eba72429439fa3f7772a0c,false,false,false,false,681
3035,2aa067245a0e72a6ee74e52957b17eed,false,false,false,false,486
10502.27,17aa06ddeb739704f52ef4f1946c8c03,false,false,false,false,363
1001,fab085a71331a4bb415db2d50e47d702,false,false,false,false,762
3000,5ee23e679cc86ad4f999579945e9e05a,false,false,false,false,795
3522.2715,efdbab06e1a606884f28309823008758,false,false,false,false,318
3024.7387820574236,e28b14fc200a1526a9ad253d5076b972,false,false,false,false,781
10020,e1982b1e12bf046a0af88d249f05ff6d,false,false,false,false,234
1001,062be4796e136b8314b3fb0200726f37,false,false,false,false,1117
3001.814,c29e0aa42e053d8cfce8515fd97caaed,false,false,false,false,595
10050.25,f57ba887657f5e80618085be591f03b3,false,false,false,false,163
3501,0dc7dadc21081242306c2acc888becf3,false,false,false,false,592
3011.778,1640c9120b0de5a673fe877f8f58bf86,false,false,false,false,1028
1008,a47ad089890299a94762cab677942f65,false,false,false,false,955
3005,6071cea54ff0476aa56d18ffc7c9f6a9,false,false,false,false,383
5252.682,42da96df47f512a8088dcac2bea41091,false,false,false,false,284
3150.082,d1bcbe5f0eabbc84d593db7e03262fad,false,false,false,false,761
2808.028,dcdbd6e178d1f26213177562e9672952,false,false,false,false,779
3002.345,43f6e4c222f418ca209ed88a02b78686,false,false,false,false,979
1510,0790c677101e88f4baeb915a8563aa78,false,false,false,false,167
3015,8c1a1aec5393191e7e112122539b9952,false,false,false,false,374
3000,e5f34488ad948d246047316a5370e850,false,false,false,false,642
7007.7003,6667aadaee076a9057803071f7a1a139,false,false,false,false,26
1011,5b66b57e9f8b91a6525a3411ca7ea049,false,false,false,false,865
30001,2b8b727b9803a3e16c61a8aa80b0a3b6,false,false,false,false,9
3069,9faa779bc54724b1a3a69a837c41272c,false,false,false,false,750
10000.67,f96d8a4cd9e01e05207ae6a7e9deaaa1,false,false,false,false,500
31383.015085453004,c7529da751f32caa62f595da8cf68c47,false,false,false,false,422
10502,b769965b610a494e876305ab9e1ecd7e,false,false,false,false,117
10500.8,5bc187eda6b5b11b156f019fc3abd3ab,false,false,false,false,563
1227.534,53bd1f5ce907009857bf9f43aa1a3605,false,false,false,false,1150
3010,8e5c0e20c0cbce3a93ae508cd8f0c10d,false,false,false,false,720
3002.05,18c75d98e849ad12b69a0e7cbd5f13dd,false,false,false,false,1049
3050,d20f343311afa2ca0ebdfe84ce692364,false,false,false,false,492
10500.1,b20abfda71e540f45fb708012fda33c5,false,false,false,false,670
3003,222ea54a93f75a263e94aaa68363c14d,false,false,false,false,585
3010,b176efbd252d3239e3da5c58287e11e1,false,false,false,false,954
1012.81,0aa75bfe8b9b55f1f7cef57352877ad1,false,false,false,false,1074
1000,1ced0430a76b3f7ac8fe1bd8f98cbc3b,false,false,false,false,1050
3006,9873b8365a77f43968973341bf8e9884,false,false,false,false,268
10009,d118be64d2b85772d59f6bdb6326a0a4,false,false,false,false,258
3003.086,676f7c87aa90da53b88fba279310cba1,false,false,false,false,520
30251.807,19dd22dfd6818cc6d409ff2fbc43b187,false,false,false,false,485
3513.2,8380c9168cbf621a9bf986d0833c20f8,false,false,false,false,517
10000,9656d93f39eda3663322b78152a45e97,false,false,false,false,352
1089.693,2997a6b1b64258cc04c2aee5dc14c96f,false,false,false,false,1072
3009.0609999999997,4c8adc2b2359f446890dae87e53cd046,false,false,false,false,614
10505,dd439ef663f3cfc09ac4574e25168aab,false,false,false,false,161
3001,7f496c798a4cf2a41b504f514cb1e223,false,false,false,false,668
3000,620d69434a92424deaf2c5743e7ab0a4,false,false,false,false,295
3000,18d542e5390409e5b16085e6996222cc,false,false,false,false,553
7000,b7e683720a36c661db7990ad140bfde0,false,false,false,false,144
3004.025,d4a3699c3c35f6311e3ad6daf487da67,false,false,false,false,197
3000,8b28ad8e4fe13640d9da789136e2da45,false,false,false,false,522
1602.461,71d1c7f86b71eb45f42803d35fffb410,false,false,false,false,802
1549,24927cded15be82a40dd9488f946d3e1,false,false,false,false,895
3002,d3152841832d0200f5ffdadec517e392,false,false,false,false,1042
1140.8443,25ed11a8ac939505651337aa33a9b77e,false,false,false,false,993
10000,108ca0df210fdb1643e6c5001453bf3d,false,false,false,false,25
3001,d73030dbe545031827a6dba77b7a31c8,false,false,false,false,671
3001,440a0b9815c09f058c489cba842d5ccb,false,false,false,false,474
10000.64,954a856cd672f807019d2b4fffaabaf8,false,false,false,false,367
3103.11452,98ec20d270b16a4a30e03a050b0ff06f,false,false,false,false,335
10037,239d86e62b275b69360aab9bc0e769e0,false,false,false,false,626
3000,76f7abecb32ba4b787e9e77a1c531016,false,false,false,false,313
33257,0c139d3ab1a2b4758891b29b0f692b0d,false,false,false,false,48
11018.155,2fd47033b48522791ff25320e49025eb,false,false,false,false,279
10503.288,8723e42c7fe734d66e3f219722aa27dc,false,false,false,false,170
3000,b7434b7cd24edc6addbcbb50192d75ec,false,false,false,false,987
3000,939eaba363382f616e313dc27df475c1,false,false,false,false,62
1087,78e8d0c6354d09accc54ae1af08dc045,false,false,false,false,732
4003.145,8815f42e776ade89d08df65694b3ba9d,false,false,false,false,741
10000,a5ab47e1ffb01158632d6ceac83ade66,false,false,false,false,499
3067.271,e4ae4f8b219ee16c4f89a327c53d3bcc,false,false,false,false,744
3001,289ada1d061dc2e4519757acdbd3cb16,false,false,false,false,915
3014,30092cb9c4a31f2acfa4069754f569df,false,false,false,false,951
15657.933,1ce9bc77f8174dc2b87fcb62dfbb403a,false,false,false,false,79
30000.793,2a9fb69bb553e9857fb36e7f68ac8185,false,false,false,false,54
10710.522,5f2bdcd30eaca285a7439d293ca87518,false,false,false,false,655
10002.642,3f04833c1096c52cbcc06f66fc652ff0,false,false,false,false,21
3056,6f4814d15c9e9d3cf03659a3877a3868,false,false,false,false,357
1001,47b0f9ca1aa1bee1ee5270b6a33d85ff,false,false,false,false,1005
1030.064,4e1b671ea48801d039da576389f2e9d2,false,false,false,false,935
3123,93a8cb3eac829a78f2dc185c4a3cfad8,false,false,false,false,498
10028,d48428fbcf9f973c67f719febc8c4dff,false,false,false,false,209
3421.048,4bad67db869f5a690d902291f5f0db8a,false,false,false,false,651
10025.486,3364641e3d1a97bbc6dcb523a77f3feb,false,false,false,false,325
1032.554,c26a6d7eafd9362209757c741f52a2a9,false,false,false,false,477
3003,358fd72581479dbfb3e2e936285a7b13,false,false,false,false,358
10092,4b92bd96efabd26bb0c21749810ad746,false,false,false,false,591
1009,c058deb31b8b4f7f34beda0091055382,false,false,false,false,1152
3017,4c3bfb79bbf386913d48c85a510d1453,false,false,false,false,266
32570,e548e1f8a0f3355f39a05f0575fb52af,false,false,false,false,85
3594,e365bdb42a6537dac9b095d58feb458d,false,false,false,false,396
10000.1214,02ba9eb2cf265b0c74da134616227dfa,false,false,false,false,534
1026,125674f156df8d7c275227ae64ac972c,false,false,false,false,1098
1025.051,bf3ae22f5e5e7aa7fa16c7a1cd60af17,false,false,false,false,980
4000,d029f9f11310ac4152b6148aa4135d3f,false,false,false,false,223
1005.83,34cedc07093ee9ebc40adfb5f6747b10,false,false,false,false,898
10013.601427628744,c5819048619336041d2eef2b3e0876a7,false,false,false,false,345
1500,dc48b57c386a925ff7401f7e998f6905,false,false,false,false,1127
3505,529ce7178e97be49faab493aebcb3755,false,false,false,false,615
3299,ce3ce04f644672c5dcfcbb08a5487a5e,false,false,false,false,1071
1798.4321,0f93781067a10766e3349c61c898a181,false,false,false,false,83
1004.85,3acf8fcfa90dd7219ea66fe0d37af030,false,false,false,false,1018
3000,5c5ca180ea3805c5c2feb68b6a8ba351,false,false,false,false,239
3010,a485ab06b437d515cffbfd648321f49a,false,false,false,false,480
3502,afb219e9b533b4ff284220d6810f9d19,false,false,false,false,306
3000.2363220150146,3c2d743cc30e62d90dbac659d368b8d8,false,false,false,false,656
1010,6ce60c6f95664742645db79ad822a253,false,false,false,false,992
1050,d1304de260bec573e3cb69b1aab7f3a9,false,false,false,false,910
3000,9835d68850ac8114a8d952240426c440,false,false,false,false,631
1109.2469999999998,66fdd06a9b2a1f734fb950c641eceb96,false,false,false,false,1075
30000,d749fb948919c8ce4b92dd60a9ca01bd,false,false,false,false,124
1250.8,cb63c2b89d3b9db50dbcb9a91be00180,false,false,false,false,783
10153,845b587e940fb839a0e14b5bd9ac9159,false,false,false,false,263
5327.776,8acd28b743d4bdeabb20c01c546d0f41,false,false,false,false,253
3501,980decd265d8eaf0db76d7a5a8661962,false,false,false,false,624
1050,79778bff40186fc36602633d3e723949,false,false,false,false,791
20170.0001,5e383e0422fa5f6e6d0d592b3cfc689a,false,false,false,false,224
3009.901,c1800979f0ea62ebe146759232a604f8,false,false,false,false,546
3003.197,df3006c4ee1c6d2ea5d8fe6c248b0463,false,false,false,false,798
3313,b8089b0034fe1629d81dcc4273ac85a2,false,false,false,false,347
10000,faf20f2176202c937badbeaa2c562c82,false,false,false,false,454
4438.601000000001,51abd31951d499aed342d8c64ec3b54f,false,false,false,false,101
3005,bd6e6370f3b0abbace80b3e15ca7ada8,false,false,false,false,302
3028.7322999999997,2acb3ba3d0c924b9f85cc506a9362de4,false,false,false,false,964
10798.519,78fd7260589eb66b7b76b47da5a95859,false,false,false,false,236
3001,bec4f3c8bb7f1ffdf817b1053dc8cc4c,false,false,false,false,1013
3000,9c08573536063f1b227a64af518699e3,false,false,false,false,580
1000.081,a3ad363c7d34c714ec32fd97503e1c48,false,false,false,false,1123
6831,a1bef4a08c4cc5d3181e45a862711936,false,false,false,false,182
3004.1713,c45408e93601615cb3b6cd72cb5f0221,false,false,false,false,696
3039.943,436506926f0ebd23157cc1b567bdad7f,false,false,false,false,572
3000,3069898366a355435c845ea8c206afa0,false,false,false,false,516
1009.1474000000001,fa7d98794c22e3d4f50f2996e77752c8,false,false,false,false,596
3000,c8e2c718cec3effaf33ad93a64cbe198,false,false,false,false,1001
10031,5fb37e839e522f85e56fdd67dd706252,false,false,false,false,452
10015,594cc809ff7bbae9903109c9027fe4d1,false,false,false,false,659
3004,f18d371e5d197b1e97174aa6fadb8170,false,false,false,false,53
3003,4e690391b01c5fd5aa3abe7b9baa7873,false,false,false,false,674
3002,6a806b93fd4d7c1ed0038ec930c668d6,false,false,false,false,368
3002,7dc6777fbc6873c058bada44c6f79fe2,false,false,false,false,448
3003,922a1d63a13051d976eb338bbe52077b,false,false,false,false,851
3003,b01f5ee2bc72af4589b5f681f70624df,false,false,false,false,834
3004,7ce46c4ae795bb5bdaad510289fae38e,false,false,false,false,260
3002.07,ed9d35acdba82a6fe17c0cec65f6286d,false,false,false,false,462
3125,301d2b31d416a020a00c89450eeaf576,false,false,false,false,372
3047,ba1e9ef26b4fe6b6d863ae11b9ecdcf7,false,false,false,false,635
3002,b312812479b3bff8121c723e8d3ef186,false,false,false,false,418
3504,56c249e8b026a9dae195ab91b63abdbf,false,false,false,false,156
31250,bc47352488c3daa415595581652c03b8,false,false,false,false,6
3001.917,d3b7a8b91207afd08d24d495bf9eb446,false,false,false,false,800
10000.567,f375283fc5cde1ab708f352bc8d45a6a,false,false,false,false,58
10005.49,cbdd9dc6af8d09aafe5c68c94f78ac5f,false,false,false,false,225
4258.081,5c25216ea8cd2abd888c59d8c30e5b33,false,false,false,false,769
3010,26180e06a785efecfe66d47ac2bcf6e8,false,false,false,false,643
3000.5533,4b2eb9be5847bde945814eca6362aef1,false,false,false,false,897
1041.58,47a7637c87ea562f3aee57b834a5777b,false,false,false,false,1043
1001,2944db8e0165d0b1cc158e4da6cb3d36,false,false,false,false,1069
10002.57,f2ff20936490f3003314842fbfde521f,false,false,false,false,150
3000,eeb5c006da401d11fb97c0a37a284a64,false,false,false,false,833
1050.906,058f694efb0a4367c6393be5fe379946,false,false,false,false,826
3000,a0362791dc6f31d50e555348e64defae,false,false,false,false,51
3001,0b1f11a4f1ff95d16b5e1b2934fa276c,false,false,false,false,60
5001,2c1b7d6cfccc5436848459449b323122,false,false,false,false,118
10058,15ff5cb3fc527ac5f8ca5dc5e89694cd,false,false,false,false,119
3501,7bca0ecc64869b4e2150615752db7c3b,false,false,false,false,172
3000,8bdd208305a6358809950b201d534c70,false,false,false,false,177
3001,ea0475d550dbd91accfc7d179fefa194,false,false,false,false,291
1180.62,3b51713690cad2fe10396253971589b3,false,false,false,false,1118
1064,f9153bc6083ab3113fb11c7ee94b859d,false,false,false,false,1125
3038.658,b9931a5ac61c6a5198f6b5c02505bafa,false,false,false,false,817
1004.17,e79e33e1a0963ee37746ff034ef12936,false,false,false,false,985
10025,0133d99af2cda327918a11860b465b52,false,false,false,false,105
10388.2,46bd0c65f4049b8471bf8dacd0fad923,false,false,false,false,309
3000,a473afc93b9a302e44c48b9af2e7d393,false,false,false,false,904
3016,1ee4d587d0459e8949562759e135b252,false,false,false,false,717
50085.899,ee5cbf7b653e86910715c6171b9ee42c,false,false,false,false,108
1504,74e09c6aa2ad89cfb671b84daa7ccd57,false,false,false,false,323
3000,b92402e8233ac4f2767093d1053c8e2f,false,false,false,false,373
3000,a3f2553cfcaed8cdc501c73dd2a77282,false,false,false,false,590
1002,7fa37f8862eac21eaf9b62c4affe004e,false,false,false,false,594
30010,0fffcf2ed728b073cc8bf4f3a004ceaf,false,false,false,false,466
3000,8b90824c6eb669b5ad99d2603dc9b069,false,false,false,false,866
16494.039,a3560142c0d7ad1b599e6c92b936b201,false,false,false,false,294
3000,ccdb13c62df97ab05049e253e35b317d,false,false,false,false,705
3000,b7a5682a8db51be04fb7ce5fc81b40fd,false,false,false,false,154
3000,f19f2de33575c96a389dc73c885b43fd,false,false,false,false,1066
1000.7122,c37b511771a8a9891044958cb15003af,false,false,false,false,1139
3000,03ea205c9bc3278c0f95dbb98184a5f4,false,false,false,false,906
3000,9f09b535ab5c41a0c11bb5e69a9a26c0,false,false,false,false,1012
1506,6a1ab178178f83a48fc039bdcbd97c06,false,false,false,false,37
3000,47c5c73ef7aa42234302a571731b167d,false,false,false,false,305
3050,779d7fa844d12001d27930e1e5aaf4f4,false,false,false,false,310
1012.5286698062498,090c28ce2c7b34691eed0e2974f7549b,false,false,false,false,1002
3001,6ca34a1e183f88c3e719f998603fccbd,false,false,false,false,893
3044.649,4049727633535cc9d413fb09c7ee7463,false,false,false,false,573
1336.069,241b660351aaf7182ad30b58de6d2ef1,false,false,false,false,969
3001.011,863cc8006c420c9f35d46dd476fd8f09,false,false,false,false,623
3500,36c62e458c1b83380f6d1925b786feaf,false,false,false,false,398
10405.252,543a81600bef927fbe5b7cfc8bc8d77b,false,false,false,false,148
10000,607821748518d9caa0c938ab54da4ca7,false,false,false,false,557
10003.775,7ebbec87d61f5173833893e22330b7e0,false,false,false,false,562
12399.7177,6984c4afef0a8faa07383a484a8e6625,false,false,false,false,619
3000,5d22856c97f6e3ee819c282422b8ed10,false,false,false,false,355
3000,f513140b38fab2a0325de6bec8c24a3c,false,false,false,false,495
3000,26a8926aef81f716b553a6a893d5f89a,false,false,false,false,441
3000,3338c2700bcfa4412a5d5a0129c8aac0,false,false,false,false,5
3501,395068689184057d7763aed224cd0e0d,false,false,false,false,868
3000,2d0c3e283cc6e4bd1b30a24dec5290d1,false,false,false,false,836
3000,1653493ea083af9b4e9008d5b30dca52,false,false,false,false,476
10000,0c9634abc2c27bee9e836a0ce93fed57,false,false,false,false,850
10000,3eea3f09307c91b056bac5a17b2793c9,false,false,false,false,255
3500,290f4706079456cc6b32370b58e97268,false,false,false,false,543
1000,b390a6fe175ba1cdf113742da0bed8a0,false,false,false,false,971
1000,f9968e887ce8d4101db47e90fd7d3562,false,false,false,false,949
1005.95,a05a870666eaf425ab7403ed2e35390f,false,false,false,false,617
3000,7b276ab4288bf42bb1e4204d9c1158e0,false,false,false,false,505
3006.58235134,38fc8bfa03aedd34cbce85b08b06a56a,false,false,false,false,734
10002.902,48df07ae1098789a1ea1e50966c700cb,false,false,false,false,589
1005,92703408182d9c3ac8a11880a31e75ad,false,false,false,false,1079
1153,5adaaf6007c2746504b194aac6f4ec1e,false,false,false,false,959
3001,5cb4bca28adb74f4440986a9335928ca,false,false,false,false,525
4536.2806,90d7640cc6b452b6636b44e05bcd6622,false,false,false,false,332
3520,a718cec2f9f35a64d5c8a2e9653c6ab5,false,false,false,false,936
3000.011,0e4f611e52448d310b11f3f76042de07,false,false,false,false,894
1006,485d342a100a9455b827e448b8d13a04,false,false,false,false,175
1197,019d4f89c7d0efb70a908cb821a9face,false,false,false,false,1116
1002,f5f7b0bc2b9de85588c1fb9e1e2967e4,false,false,false,false,1156
10001,3bfc8e7a38e96f61350537fe1234ee87,false,false,false,false,130
30010,db4ec0230467f5d99214a54ae78fc808,false,false,false,false,166
3503.464,43c9c4e6c6696384e67156264425c30c,false,false,false,false,50
1039.78179796,550cda79c0cc98cd416a1d2478a44e0a,false,false,false,false,1073
3700,01255f28c6b1712ac0571aeaf6597316,false,false,false,false,757
3508.773,fe4d4a7a8cdb57f0a3085360304ff78f,false,false,false,false,508
3520,ad02e8c84c7c5651954789431392cc80,false,false,false,false,603
1001,c0f9bf060c8f962e82410c2483b5e6ae,false,false,false,false,913
3013,edad93a9ab211f5f75598b322f79d434,false,false,false,false,582
1001,2ce614978ee909d4dc8c567371602a9a,false,false,false,false,973
3001.066,9cab64fe0484abcbe49bc55bffca63b1,false,false,false,false,725
1001,b7df5bc1fefd9e1ddd31f2373ad21ced,false,false,false,false,1058
10579,1f042556eefd36869cc2bf13bc3e1947,false,false,false,false,410
3500,90efe52d5dedd00065bd99bfdd991968,false,false,false,false,412
1005,b9e579cc0b27f26268eae0f01f6268f9,false,false,false,false,1155
3002.2793950591144,3b5c989afffbaa572f4f37583fbc7655,false,false,false,false,538
1000,db88594bcaf2d654c5ee2439594e7e8a,false,false,false,false,1055
10003,97714da9b74f42989456aeb48df66c32,false,false,false,false,747
1002.6,87e10c51e5c32a0dc0f9e55bab135eb5,false,false,false,false,714
3026.88,86063d90874b6b859b62b0aa3ded27c6,false,false,false,false,821
1004,e533c97f43cc483b197003c89d5797e2,false,false,false,false,1036
3506,79bc973b8b327e3a38203b347d241ad0,false,false,false,false,521
10000,a2e1dfbf9d8c07cfa1e7388ddea8850c,false,false,false,false,356
30159,0e1487d20ba5dcbf04690032fdbab398,false,false,false,false,169
3032,a299b75f4669755022fe429c922ec3ba,false,false,false,false,748
10016.31868811,537ceb28c5710bf49963f99bbdc7207c,false,false,false,false,128
1000,66f4be1641bd3a4f5981c011f4c6fb49,false,false,false,false,1126
30712,6bf421a05029a79b5d7cefd4df20e17a,false,false,false,false,133
3002.1,2e8bae7eb23400bd3eafc08f97fb0934,false,false,false,false,630
30007,c1982a5297206a2b6a14dfaacb183525,false,false,false,false,3
3500,805976ce358908aafaa86ca664b3f3f6,false,false,false,false,918
10033.795,5321de0ac8ce0770095263de848ff1d8,false,false,false,false,30
3001,77bcb577c84492616335b2e927d02c5e,false,false,false,false,503
3000,2a635a3d743d7e2fbe7c1db9302beb09,false,false,false,false,246
10022,2d3004d0bd72b545e37b9dc9cbd64ba4,false,false,false,false,271
3000,e32dc9183b6719ba8d55bdf4dddf9429,false,false,false,false,813
3020,3affd958ccc4b91497f513c112a8357c,false,false,false,false,663
30008.5,08a99e537a89813b17ed8ebf56847fb4,false,false,false,false,336
3039.331,67ab79047a766bb7c5fbb3f06abaac27,false,false,false,false,887
1000,0c4561d3ace68930ee505ab868db5b12,false,false,false,false,703
3001,5c4c6e4aacdf986ab1a39c5c9f37de87,false,false,false,false,990
3141.47,ae53f5f60505accb73cce776e43e4699,false,false,false,false,968
3003.8531526741576,3b07661a37004f40dc672360df31253c,false,false,false,false,727
1059.778,eebaf2c92598753855e37267e55faa01,false,false,false,false,965
3052,2fee462b64673b49ce081961254ef2e9,false,false,false,false,832
3066.38,c09a6dda9da12d3282a14a9b330a7ff6,false,false,false,false,529
3000,b6423b961f1bda1a6006d14239e126a0,false,false,false,false,42
1510,854d5355577287eba0840adb8cc95710,false,false,false,false,707
20517.207,1594935436fccb6d1da804c8c3620486,false,false,false,false,382
3201.1815,5555a70560ca6df7136c67eb4a870176,false,false,false,false,138
3009.184,43a2d48da0d099716de54410c887d3ca,false,false,false,false,371
1001.0357,05a12715720c5a87acee1dfe69ac2a76,false,false,false,false,1124
3000.758,0ea35ace72ed9a50417c1b3d07a022fc,false,false,false,false,846
3002,ddf1cbfd236389c3dfc5d67cc73c04d6,false,false,false,false,838
3269.909,aabc21593f3a417967a5b83dd6bcb96f,false,false,false,false,340
3003.364,0d52c6bcebb1136410a68b3f5b811afb,false,false,false,false,625
3000.8,9a64a1dfe5619b53480aa935f21847d6,false,false,false,false,558
3001.782,bc90ab363fd9dbfb864f3e823f1a67c9,false,false,false,false,756
3250.899,43a4a11d5d242b3743a4f10a85dfc897,false,false,false,false,142
3013.9113,21b3572451be0327203d5f4306b5f9ad,false,false,false,false,716
30004.073,b24fe0e08ecc3251a069ce8e262d7136,false,false,false,false,81
1501.0700000000002,a895aaa7c0bae38e893cfcb13b51c4d0,false,false,false,false,794
10521.21,94dd1e296f8f8bac6384b432930fb2e0,false,false,false,false,273
10377.48,c014a2ff8b49bf99bbc840ab44824b89,false,false,false,false,181
3002,b10fd59a06e3864756a6ca1c0371f268,false,false,false,false,991
3501,db43c3e3dea898175a37fd331e13d73c,false,false,false,false,343
3003,59d327e90160db241f36075c5a0f093f,false,false,false,false,432
10001.75,d74632c1807652c10ef5cf8486c01622,false,false,false,false,155
10025,b66ef3dbb48a102608be2b6f99af8495,false,false,false,false,288
7286.337,d153fd7d5864934dcd1a6981ba7ab089,false,false,false,false,339
3000.85,53a5c729131b708f2cbaa3cd28e8bc1d,false,false,false,false,677
1106,252bfc8a52b53374e6faef49df207ab6,false,false,false,false,1096
3101.57,225564869c7a1f5d289c32caee11c727,false,false,false,false,692
10002,eee7104e5867a3424540034e3d91d558,false,false,false,false,433
10004.114,ab9ee34c9ce90dfb5252f0b9d4d8789f,false,false,false,false,125
30255.99,0b61416f4c46f605cb6e13e84a3eb4b1,false,false,false,false,137
3047.6807400000002,78c49bc13d6288518bd1bec19e505300,false,false,false,false,737
10005.7818,59ba5eb9232cdef4b15a0dc98f93cf37,false,false,false,false,822
1136.602,351c0624550a48fbabc304f3f0dbc5d6,false,false,false,false,1044
3000,4fb7aba93815a5e0d08e6d7af8ee5e71,false,false,false,false,393
3000,954d5d92961a6a8e031de796caa8dc70,false,false,false,false,219
3000,9111c6e7577a705a61a43efdd64ace89,false,false,false,false,735
1030,fe39239547e0be5ffe867027282ae825,false,false,false,false,602
1515.35,b05f47658a642bdb01bc40dc4dbf6463,false,false,false,false,1010
10000,9d42eb694617400bdf9e8400324c4810,false,false,false,false,287
5346,a6a0cc11ba38f6b1df51b26da5324c34,false,false,false,false,544
10000,cf632c3967e2e4dce60e37c423134cf9,false,false,false,false,168
1019.023,503d9442fb0e848453a79ce1cc407050,false,false,false,false,407
1001.5,beea3bec62b0e8d30784620039f8b7c6,false,false,false,false,1104
10000,5821840ee9da653b292018ac3151299d,false,false,false,false,244
1000,e63cbda9c551259bfd3f3e1c8b8b17b5,false,false,false,false,1135
10000,4a913c1a1c98ac2da9af70ecd45cf8bd,false,false,false,false,210
10000,4516ce23462ded46e6b133d0706bc984,false,false,false,false,159
10000,51e65c5b154255fc03f407240670736c,false,false,false,false,661
2503,4ec981d6aeb52ebe90ff96cfa2be7173,false,false,false,false,134
10020.65,157f5018d16fcd27e3cff44ab4fcc02a,false,false,false,false,536
3030,cf80ceb7e9af16ed68bc1af64be87291,false,false,false,false,831
10000,18938a5501d6168d39ba18fd4b0c12a4,false,false,false,false,20
5002,7f1a626b9cc7aa849062b136d747d2bf,false,false,false,false,775
10027,3fe13a1f95d6893622681f0f3a65e9b1,false,false,false,false,649
10000,62ba7af159b35cb33a520e3c2cad68c4,false,false,false,false,425
10000,3ce9b51fda89062b94fc1f06330f4904,false,false,false,false,409
3027,7eb2296d05fdfc7e7c7224f146ffb38b,false,false,false,false,772
10000,9be97d4e9e591a8e304d16794fa9f660,false,false,false,false,579
1005,7853492ab915ac94227da37e99c8ce37,false,false,false,false,366
1002.061,09249d14943cc5b6ce2dc3f24208bdf5,false,false,false,false,1122
3004.828764201008,c784ba4f27742b604761978fc045f25e,false,false,false,false,152
3001,6ea1132d8c8f10b48e36608276cce0c3,false,false,false,false,840
10000,867c088ef6a460f303fd9480e2cc321f,false,false,false,false,285
3000,3fe695d76078978c2d75860dbb7a2cc4,false,false,false,false,494
3500,b7a12711e025e46afcfc407baebacbfe,false,false,false,false,303
3000.5,578e8a1bab1510e17805119c5fcef5d1,false,false,false,false,428
3500,8ee815e9323e69d9b62e26d5ea39e85d,false,false,false,false,601
3500.79,77daedc0768562fde190969b92fa74e0,false,false,false,false,599
3000.836,09963279c47c8ddac9fd414236ba6dd8,false,false,false,false,348
3053,78630c71740ce0d0979e39a1d9cc93a8,false,false,false,false,701
30504.35,4869396c18a591e37a742627dc322be6,false,false,false,false,121
3008.90033,c10cd4c3191eccdbc2899aa363b6263d,false,false,false,false,983
3013,59e0ec60efd2ef5a363e091e6e1da5b1,false,false,false,false,251
10000,f9799ef615cb31e09256d440c00ddb30,false,false,false,false,429
1578,4833b6463b886e65f3ecb78447b171bd,false,false,false,false,387
3500.002,80c26cf0c131cb15ee704457e3f1c5f0,false,false,false,false,604
10000,4a2919c8ef685a44bdbb0d8f76864a5a,false,false,false,false,296
1060,a2fa5e48d46fbfc770a601ae0f1761cc,false,false,false,false,982
10502.742112039616,3650c085517fcdcae80211c5eafa02bf,false,false,false,false,446
1500.08,2fc586b0d27819c08863799070b99abf,false,false,false,false,758
1000,c683a676be351818810cb05cab103249,false,false,false,false,994
1000,01269f4b080b392b7c3ab6f6f91ff44d,false,false,false,false,1068